location,risk_score
st_louis,9.311802588658974
toledo,7.633536209308045
sacramento,4.702562340146692
