location,risk_score
st_louis,9.818011487727421
toledo,9.39648125000001
sacramento,2.660284299104874
