location,risk_score
st_louis,0.7668614321872073
toledo,0.4997203706920048
sacramento,0.1513280442284924
