location,risk_score
st_louis,0.72597467569453
toledo,0.49120957758777833
sacramento,0.1727069322838951
